<?xml version="1.0" encoding="iso-8859-1"?>
<!--
	File created on Tuesday, 27th of January 2026 22:24:31 [UTC]
-->
<satellites>
	<sat name="13.0E Hotbird 13F/13G" flags="1" position="130">
		<transponder frequency="10719000" symbol_rate="27500000" polarization="1" fec_inner="3" system="1" modulation="2" />
		<transponder frequency="10727000" symbol_rate="30000000" polarization="0" fec_inner="3" system="1" modulation="2" />
		<transponder frequency="10758000" symbol_rate="27500000" polarization="1" fec_inner="3" system="1" modulation="2" />
		<transponder frequency="10775000" symbol_rate="29900000" polarization="0" fec_inner="2" system="1" modulation="2" />
		<transponder frequency="10796000" symbol_rate="27500000" polarization="1" fec_inner="3" system="1" modulation="2" />
		<transponder frequency="10802000" symbol_rate="7200000" polarization="0" fec_inner="3" system="1" modulation="2" />
		<transponder frequency="10811000" symbol_rate="7500000" polarization="0" fec_inner="3" system="1" modulation="2" />
		<transponder frequency="10820000" symbol_rate="7200000" polarization="0" fec_inner="3" system="1" modulation="2" />
		<transponder frequency="10820000" symbol_rate="7200000" polarization="1" fec_inner="3" system="1" modulation="2" />
		<transponder frequency="10826000" symbol_rate="5000000" polarization="1" fec_inner="3" system="1" modulation="2" />
		<transponder frequency="10828000" symbol_rate="7200000" polarization="0" fec_inner="3" system="1" modulation="2" />
		<transponder frequency="10832000" symbol_rate="4800000" polarization="1" fec_inner="3" system="1" modulation="2" />
		<transponder frequency="10839000" symbol_rate="7200000" polarization="1" fec_inner="3" system="1" modulation="1" />
		<transponder frequency="10840000" symbol_rate="7500000" polarization="0" fec_inner="3" system="1" modulation="2" />
		<transponder frequency="10848000" symbol_rate="7200000" polarization="1" fec_inner="3" system="1" modulation="2" />
		<transponder frequency="10873000" symbol_rate="27500000" polarization="1" fec_inner="3" system="1" modulation="2" />
		<transponder frequency="10892000" symbol_rate="27500000" polarization="0" fec_inner="3" system="1" modulation="2" />
		<transponder frequency="10911000" symbol_rate="27500000" polarization="1" fec_inner="3" system="1" modulation="2" />
		<transponder frequency="10930000" symbol_rate="30000000" polarization="0" fec_inner="2" system="1" modulation="2" />
		<transponder frequency="10949000" symbol_rate="27500000" polarization="1" fec_inner="2" system="1" modulation="2" />
		<transponder frequency="10971000" symbol_rate="29700000" polarization="0" fec_inner="2" system="1" modulation="2" />
		<transponder frequency="10992000" symbol_rate="27500000" polarization="1" fec_inner="2" system="0" modulation="1" />
		<transponder frequency="11013000" symbol_rate="29900000" polarization="0" fec_inner="3" system="1" modulation="2" />
		<transponder frequency="11034000" symbol_rate="27500000" polarization="1" fec_inner="3" system="0" modulation="1" />
		<transponder frequency="11042000" symbol_rate="9700000" polarization="0" fec_inner="3" system="1" modulation="1" />
		<transponder frequency="11053000" symbol_rate="9700000" polarization="0" fec_inner="3" system="1" modulation="1" />
		<transponder frequency="11066000" symbol_rate="9700000" polarization="0" fec_inner="3" system="1" modulation="2" />
		<transponder frequency="11075000" symbol_rate="30000000" polarization="1" fec_inner="3" system="1" modulation="2" />
		<transponder frequency="11096000" symbol_rate="30000000" polarization="0" fec_inner="2" system="1" modulation="2" />
		<transponder frequency="11117000" symbol_rate="27500000" polarization="1" fec_inner="3" system="1" modulation="2" />
		<transponder frequency="11137000" symbol_rate="27500000" polarization="0" fec_inner="3" system="0" modulation="1" />
		<transponder frequency="11158000" symbol_rate="27500000" polarization="1" fec_inner="3" system="1" modulation="2" />
		<transponder frequency="11179000" symbol_rate="27500000" polarization="0" fec_inner="2" system="1" modulation="2" />
		<transponder frequency="11186000" symbol_rate="7200000" polarization="1" fec_inner="3" system="1" modulation="1" />
		<transponder frequency="11194000" symbol_rate="7200000" polarization="1" fec_inner="3" system="1" modulation="2" />
		<transponder frequency="11203000" symbol_rate="7200000" polarization="1" fec_inner="3" system="1" modulation="1" />
		<transponder frequency="11213000" symbol_rate="7200000" polarization="1" fec_inner="3" system="1" modulation="2" />
		<transponder frequency="11258000" symbol_rate="27500000" polarization="0" fec_inner="3" system="1" modulation="2" />
		<transponder frequency="11278000" symbol_rate="27500000" polarization="1" fec_inner="4" system="1" modulation="2" />
		<transponder frequency="11296000" symbol_rate="27500000" polarization="0" fec_inner="4" system="0" modulation="1" />
		<transponder frequency="11334000" symbol_rate="27500000" polarization="0" fec_inner="3" system="1" modulation="2" />
		<transponder frequency="11373000" symbol_rate="27500000" polarization="0" fec_inner="3" system="1" modulation="2" />
		<transponder frequency="11393000" symbol_rate="27500000" polarization="1" fec_inner="3" system="1" modulation="2" />
		<transponder frequency="11411000" symbol_rate="27500000" polarization="0" fec_inner="4" system="1" modulation="2" />
		<transponder frequency="11432000" symbol_rate="29900000" polarization="1" fec_inner="3" system="1" modulation="2" />
		<transponder frequency="11449000" symbol_rate="27500000" polarization="0" fec_inner="4" system="1" modulation="2" />
		<transponder frequency="11488000" symbol_rate="27500000" polarization="0" fec_inner="4" system="1" modulation="2" />
		<transponder frequency="11508000" symbol_rate="27500000" polarization="1" fec_inner="3" system="1" modulation="2" />
		<transponder frequency="11566000" symbol_rate="29900000" polarization="0" fec_inner="3" system="1" modulation="2" />
		<transponder frequency="11585000" symbol_rate="27500000" polarization="1" fec_inner="4" system="1" modulation="2" />
		<transponder frequency="11590000" symbol_rate="7200000" polarization="0" fec_inner="3" system="1" modulation="1" />
		<transponder frequency="11609000" symbol_rate="7200000" polarization="0" fec_inner="3" system="1" modulation="2" />
		<transponder frequency="11610000" symbol_rate="7200000" polarization="1" fec_inner="3" system="1" modulation="2" />
		<transponder frequency="11618000" symbol_rate="7200000" polarization="0" fec_inner="3" system="1" modulation="2" />
		<transponder frequency="11620000" symbol_rate="4900000" polarization="1" fec_inner="3" system="1" modulation="2" />
		<transponder frequency="11626000" symbol_rate="4900000" polarization="1" fec_inner="3" system="1" modulation="2" />
		<transponder frequency="11632000" symbol_rate="4900000" polarization="1" fec_inner="3" system="1" modulation="2" />
		<transponder frequency="11640000" symbol_rate="2222000" polarization="1" fec_inner="1" system="0" modulation="1" />
		<transponder frequency="11642000" symbol_rate="27500000" polarization="0" fec_inner="3" system="1" modulation="2" />
		<transponder frequency="11662000" symbol_rate="27500000" polarization="1" fec_inner="2" system="1" modulation="2" />
		<transponder frequency="11681000" symbol_rate="27500000" polarization="0" fec_inner="3" system="1" modulation="2" />
		<transponder frequency="11727000" symbol_rate="29900000" polarization="1" fec_inner="3" system="1" modulation="2" />
		<transponder frequency="11747000" symbol_rate="27500000" polarization="0" fec_inner="3" system="1" modulation="2" />
		<transponder frequency="11766000" symbol_rate="29900000" polarization="1" fec_inner="3" system="1" modulation="2" />
		<transponder frequency="11785000" symbol_rate="27500000" polarization="0" fec_inner="3" system="1" modulation="2" />
		<transponder frequency="11804000" symbol_rate="30000000" polarization="1" fec_inner="4" system="1" modulation="2" />
		<transponder frequency="11823000" symbol_rate="27500000" polarization="0" fec_inner="3" system="1" modulation="2" />
		<transponder frequency="11843000" symbol_rate="29900000" polarization="1" fec_inner="3" system="1" modulation="2" />
		<transponder frequency="11862000" symbol_rate="29900000" polarization="0" fec_inner="4" system="1" modulation="1" />
		<transponder frequency="11881000" symbol_rate="27500000" polarization="1" fec_inner="3" system="0" modulation="1" />
		<transponder frequency="11900000" symbol_rate="27500000" polarization="0" fec_inner="3" system="1" modulation="2" />
		<transponder frequency="11919000" symbol_rate="29900000" polarization="1" fec_inner="3" system="1" modulation="2" />
		<transponder frequency="11938000" symbol_rate="30000000" polarization="0" fec_inner="4" system="1" modulation="2" />
		<transponder frequency="11958000" symbol_rate="27500000" polarization="1" fec_inner="3" system="0" modulation="1" />
		<transponder frequency="11977000" symbol_rate="29900000" polarization="0" fec_inner="3" system="1" modulation="2" />
		<transponder frequency="11996000" symbol_rate="29900000" polarization="1" fec_inner="4" system="1" modulation="1" />
		<transponder frequency="12015000" symbol_rate="27500000" polarization="0" fec_inner="3" system="1" modulation="2" />
		<transponder frequency="12034000" symbol_rate="29900000" polarization="1" fec_inner="3" system="1" modulation="2" />
		<transponder frequency="12073000" symbol_rate="29900000" polarization="1" fec_inner="3" system="1" modulation="2" />
		<transponder frequency="12111000" symbol_rate="27500000" polarization="1" fec_inner="3" system="0" modulation="1" />
		<transponder frequency="12130000" symbol_rate="30000000" polarization="0" fec_inner="4" system="1" modulation="2" />
		<transponder frequency="12149000" symbol_rate="27500000" polarization="1" fec_inner="3" system="0" modulation="1" />
		<transponder frequency="12169000" symbol_rate="30000000" polarization="0" fec_inner="4" system="1" modulation="2" />
		<transponder frequency="12188000" symbol_rate="27500000" polarization="1" fec_inner="3" system="1" modulation="2" />
		<transponder frequency="12265000" symbol_rate="27500000" polarization="1" fec_inner="3" system="1" modulation="2" />
		<transponder frequency="12284000" symbol_rate="27500000" polarization="0" fec_inner="3" system="1" modulation="2" />
		<transponder frequency="12303000" symbol_rate="27500000" polarization="1" fec_inner="3" system="1" modulation="2" />
		<transponder frequency="12322000" symbol_rate="27500000" polarization="0" fec_inner="3" system="0" modulation="1" />
		<transponder frequency="12341000" symbol_rate="29900000" polarization="1" fec_inner="3" system="1" modulation="2" />
		<transponder frequency="12380000" symbol_rate="30000000" polarization="1" fec_inner="4" system="1" modulation="2" />
		<transponder frequency="12399000" symbol_rate="29700000" polarization="0" fec_inner="2" system="1" modulation="2" />
		<transponder frequency="12418000" symbol_rate="29900000" polarization="1" fec_inner="3" system="1" modulation="2" />
		<transponder frequency="12449000" symbol_rate="7200000" polarization="0" fec_inner="3" system="1" modulation="1" />
		<transponder frequency="12466000" symbol_rate="29900000" polarization="1" fec_inner="3" system="1" modulation="2" />
		<transponder frequency="12476000" symbol_rate="29900000" polarization="0" fec_inner="3" system="1" modulation="2" />
		<transponder frequency="12520000" symbol_rate="27500000" polarization="1" fec_inner="2" system="1" modulation="2" />
		<transponder frequency="12558000" symbol_rate="27500000" polarization="1" fec_inner="4" system="1" modulation="2" />
		<transponder frequency="12577000" symbol_rate="27500000" polarization="0" fec_inner="3" system="1" modulation="2" />
		<transponder frequency="12583000" symbol_rate="7120000" polarization="1" fec_inner="3" system="1" modulation="2" />
		<transponder frequency="12592000" symbol_rate="7120000" polarization="1" fec_inner="3" system="1" modulation="2" />
		<transponder frequency="12598000" symbol_rate="3674000" polarization="1" fec_inner="3" system="1" modulation="2" />
		<transponder frequency="12603000" symbol_rate="3674000" polarization="1" fec_inner="3" system="1" modulation="2" />
		<transponder frequency="12610000" symbol_rate="7200000" polarization="1" fec_inner="3" system="1" modulation="2" />
		<transponder frequency="12616000" symbol_rate="30000000" polarization="0" fec_inner="4" system="1" modulation="2" />
		<transponder frequency="12635000" symbol_rate="30000000" polarization="1" fec_inner="4" system="1" modulation="2" />
		<transponder frequency="12654000" symbol_rate="30000000" polarization="0" fec_inner="4" system="1" modulation="2" />
		<transponder frequency="12673000" symbol_rate="30000000" polarization="1" fec_inner="4" system="1" modulation="2" />
		<transponder frequency="12692000" symbol_rate="27500000" polarization="0" fec_inner="3" system="1" modulation="2" />
		<transponder frequency="12713000" symbol_rate="30000000" polarization="1" fec_inner="4" system="1" modulation="2" />
		<transponder frequency="12731000" symbol_rate="30000000" polarization="0" fec_inner="4" system="1" modulation="2" />
	</sat>
</satellites>
